"","1","2","3","4","5","6","7","8","9","10","11","12","13","14","15","16","17","18","19","20","21","22","23","24","25","26","27","28","29","30","31","32","33","34","35","36","37","38","39","40","41","42","43","44","45","kmr$cluster"
"AAAAAA",52,55,52,50,41,45,58,64,61,56,68,59,58,52,55,49,50,57,55,44,38,48,63,86,106,133,172,193,233,285,302,287,257,206,182,187,174,162,155,144,148,132,125,131,134,1
"UUUUUU",87,89,93,79,88,86,93,86,96,97,114,117,128,129,148,158,167,164,189,270,353,264,177,133,129,92,61,47,37,43,44,33,48,45,45,44,65,56,56,61,61,52,58,49,44,2
"AUUUUU",56,45,42,47,49,48,49,54,52,65,52,49,53,68,73,78,70,73,75,111,285,220,87,69,37,15,17,20,20,28,39,27,30,23,27,38,36,33,41,34,32,31,33,19,38,2
"UUUUUA",37,58,42,51,41,57,42,48,36,61,52,49,42,50,58,43,69,67,59,43,64,231,227,109,100,66,37,28,26,15,29,33,21,27,18,30,27,42,31,40,35,31,32,39,29,2
"UAUUUU",34,49,51,46,46,52,50,50,39,50,43,60,58,73,80,52,53,51,59,231,283,105,73,28,25,25,15,23,34,35,26,20,26,19,30,38,28,36,30,31,35,37,25,35,41,2
"AAUAAA",15,16,13,23,14,15,17,18,13,12,21,24,22,21,24,32,21,33,31,9,15,21,56,55,17,36,47,94,169,205,124,113,75,65,78,73,64,86,65,40,38,43,40,39,40,1
"UUUUGU",30,34,31,23,43,31,40,42,36,37,35,43,42,36,40,51,54,54,43,33,26,87,250,178,61,32,20,13,11,15,12,14,21,17,18,24,15,24,19,22,22,18,25,23,22,2
"UUUUAU",30,29,42,29,41,35,45,28,41,42,24,46,37,30,36,47,58,65,52,68,42,19,197,149,80,39,27,14,10,15,16,24,23,20,22,10,31,25,19,24,28,20,19,21,32,2
"UAAAAA",13,26,21,20,22,26,26,29,18,18,15,29,17,24,10,19,24,24,20,21,20,21,22,29,45,61,53,84,104,107,115,84,44,37,43,26,45,57,47,70,45,41,35,38,38,1
"UUUUUG",34,33,19,30,27,35,40,36,45,31,27,32,31,32,36,46,41,28,26,19,104,254,195,85,42,28,12,6,12,9,15,26,13,19,13,13,18,16,22,16,22,20,22,20,19,2
"AUAAAA",21,13,15,13,21,18,20,17,19,13,8,20,16,20,12,28,17,15,18,14,14,14,17,45,31,21,47,54,100,145,153,76,61,49,43,54,46,56,72,50,31,35,38,31,21,1
"CUUUUU",38,30,21,32,32,33,27,39,39,28,36,32,31,36,30,41,32,36,57,103,141,137,107,80,31,3,8,14,16,17,16,24,15,14,17,20,17,18,17,23,12,25,21,20,26,2
"UUUUAA",27,35,34,33,34,24,35,26,36,25,41,30,27,38,37,34,27,37,43,18,7,49,105,103,56,55,33,44,24,23,16,24,32,21,25,17,25,32,40,28,38,36,23,39,39,2
"UUAUUU",33,45,38,30,41,36,40,40,32,36,46,43,28,47,42,29,33,31,91,128,74,65,17,17,28,20,15,17,14,21,17,23,24,26,20,23,24,32,21,29,24,29,24,24,27,2
"AAAAAU",25,15,23,26,22,22,19,20,30,35,21,20,25,30,21,21,10,12,20,32,32,8,10,8,15,13,19,39,45,49,86,96,75,64,48,39,32,56,69,50,65,50,34,40,45,1
"UUUUCU",22,30,28,33,26,28,30,31,29,28,34,32,36,23,34,34,47,48,47,33,33,39,185,135,68,29,27,17,21,17,21,21,19,20,24,30,15,18,16,17,20,14,22,16,19,2
"UUUAUU",42,31,28,32,27,31,35,32,38,40,37,24,43,40,36,30,28,66,63,56,67,21,15,69,42,29,18,18,17,17,16,23,22,17,27,25,28,22,27,25,33,32,29,26,27,2
"AAAUAA",18,14,24,19,21,19,12,17,17,18,23,11,21,16,18,16,18,20,15,13,10,30,31,9,16,18,35,55,78,83,77,55,76,74,58,62,54,46,27,39,33,30,39,30,22,1
"UGUUUU",28,30,29,40,30,24,32,36,35,27,24,33,26,35,50,34,30,22,48,85,154,91,48,20,27,27,19,5,10,16,18,19,19,19,21,18,28,23,24,15,23,20,20,26,23,2
"AAAAUA",22,29,17,25,21,16,27,21,23,25,23,24,17,15,24,23,20,13,11,10,27,23,7,10,9,18,26,30,45,49,57,101,93,55,57,56,38,26,46,44,33,49,35,32,43,1
"UUAAAA",31,23,16,28,31,20,34,11,26,16,34,16,32,17,28,15,22,22,16,15,14,7,13,27,59,50,42,56,53,92,54,24,32,32,18,24,34,40,37,44,40,27,35,30,34,1
"UUUUUC",16,26,30,23,25,26,18,17,23,29,31,25,25,27,27,42,40,40,34,15,42,142,139,95,46,31,11,15,15,13,12,19,22,15,20,16,17,19,15,18,17,18,13,21,13,2
"AUAUUU",25,35,23,29,33,30,31,32,23,31,35,34,51,36,28,32,25,34,84,104,64,59,20,18,21,6,20,20,32,14,9,19,9,24,26,27,22,19,23,24,23,19,12,24,28,2
"UUUAAA",32,22,39,32,27,38,17,32,18,31,24,38,19,25,28,27,27,17,22,19,7,8,25,64,78,42,45,35,39,30,17,20,31,25,21,20,21,32,43,37,32,28,25,25,37,2
"UUUGUA",21,24,29,20,12,28,28,29,27,33,26,24,28,30,27,25,29,40,38,23,16,18,59,194,163,48,22,15,11,9,9,4,7,13,16,16,15,13,18,14,16,17,14,21,8,2
"GUUUUU",25,20,27,23,35,26,18,21,31,34,21,28,26,36,38,40,30,35,26,79,112,117,51,35,20,11,10,9,7,12,12,20,13,14,14,25,15,17,21,17,16,17,17,17,13,2
"UUUAUA",19,25,16,27,22,21,26,25,21,23,28,22,32,26,19,30,33,33,38,35,15,26,19,170,126,51,17,18,7,12,12,11,18,18,21,16,16,19,18,11,14,16,21,13,23,2
"UAAAAU",15,24,18,14,17,24,14,18,13,17,10,13,22,23,23,16,19,21,15,19,19,5,6,6,23,20,22,27,34,47,77,86,40,44,36,32,25,30,33,37,45,27,27,40,18,1
"AAUUUU",25,28,25,18,25,20,28,26,32,27,30,20,36,21,36,32,33,30,31,64,112,59,30,22,5,5,8,7,7,14,16,14,16,21,30,28,14,16,18,19,16,23,20,24,22,2
"UCUUUU",30,15,21,17,22,18,31,28,23,24,23,22,23,21,24,20,17,22,35,59,110,110,65,12,12,11,8,6,8,14,18,9,15,14,22,14,17,15,18,12,21,10,19,19,24,2
"UUUGUU",25,29,31,32,26,35,31,19,35,25,20,29,32,26,26,29,37,32,36,42,27,9,49,72,36,16,15,12,8,10,18,12,10,19,17,15,17,11,16,24,17,12,15,15,21,2
"UUGUUU",28,22,40,28,28,26,23,29,25,24,32,24,26,36,26,24,25,32,40,65,58,35,13,30,42,22,6,11,14,11,16,18,14,20,19,15,13,17,14,16,16,19,15,14,16,2
"UAUAUU",24,16,20,22,23,22,25,24,25,23,27,25,26,26,25,21,22,50,56,53,42,20,16,20,10,44,24,29,12,16,12,10,13,12,18,19,24,19,18,18,11,19,13,17,24,2
"UUUCUU",27,19,22,19,27,24,24,33,18,21,26,23,16,29,18,29,23,32,54,61,34,27,20,50,35,22,14,14,14,13,16,8,15,18,13,16,18,12,12,13,17,17,16,15,21,2
"AUUUUG",19,16,12,27,11,20,16,15,21,22,21,20,28,22,24,28,17,13,19,6,79,182,94,30,10,8,10,7,15,5,5,8,9,13,11,14,16,12,8,9,14,21,20,14,15,2
"AUUUUA",29,18,22,22,23,21,18,21,29,16,25,20,25,28,30,26,23,28,21,8,25,89,53,25,16,4,9,6,6,13,17,19,19,12,11,21,28,19,16,21,21,10,24,23,24,2
"AUAUAU",23,31,23,20,28,26,28,33,22,30,30,21,31,22,21,24,34,32,21,28,13,17,24,14,17,9,28,19,23,12,13,10,14,20,19,33,21,21,22,19,25,13,14,23,12,2
"UUCUUU",20,13,21,28,19,26,24,17,21,20,22,26,23,17,25,16,23,28,41,95,98,31,13,11,23,14,8,6,16,14,10,13,13,16,14,18,11,17,12,12,13,12,14,20,16,2
"AAAAAG",16,16,13,13,19,9,14,13,13,11,11,9,13,8,11,9,17,13,12,3,5,5,4,5,10,15,15,21,30,40,42,70,64,44,22,23,25,35,34,42,42,39,37,27,22,1
"CAUUUU",19,8,23,18,20,15,16,19,37,18,17,25,24,33,24,19,14,21,17,75,116,75,25,10,2,6,7,10,12,15,14,17,12,10,14,11,17,14,13,14,13,17,9,17,17,2
"ACUUUU",11,13,17,26,20,19,15,14,20,17,16,15,23,23,28,30,23,24,43,59,105,65,45,16,3,8,9,13,9,11,16,11,9,15,11,12,12,14,19,13,12,14,19,22,5,2
"UAUAUA",33,31,21,22,21,28,27,22,23,20,21,28,23,16,28,25,28,25,26,8,19,21,13,22,17,46,31,37,15,20,8,12,12,13,16,19,17,17,19,20,21,13,15,8,17,2
"AGAAAA",15,22,16,18,18,15,22,17,20,13,15,11,13,17,9,6,12,6,8,9,2,3,8,14,17,9,16,24,39,58,51,42,29,16,20,27,50,34,33,24,22,29,24,33,19,1
"AAAAUU",17,16,23,13,18,13,17,14,17,18,16,8,15,20,23,19,8,13,22,22,26,15,5,4,10,9,13,20,19,32,46,62,32,29,14,19,16,28,37,39,38,27,23,21,0,1
"UUUUGA",13,22,18,15,19,17,13,14,19,21,12,21,10,20,15,17,18,11,13,8,4,73,146,103,46,15,10,14,9,7,3,8,9,10,8,13,14,11,14,17,13,12,12,16,9,2
"AUUUAU",30,23,20,20,17,20,24,21,25,23,15,24,20,22,26,20,29,28,23,17,14,14,42,28,10,5,8,7,12,15,18,11,13,24,14,28,13,20,16,28,17,28,16,20,27,2
"UAAAUA",13,21,20,17,21,19,15,20,11,18,18,21,22,16,14,11,17,12,20,8,19,18,2,4,11,25,29,32,41,42,33,31,23,28,24,21,26,19,13,15,21,25,22,9,18,1
"UAAUAA",8,12,8,7,7,14,8,7,8,11,13,12,9,16,16,11,15,11,7,5,7,34,14,5,24,28,37,76,103,56,42,24,13,24,22,15,28,16,22,13,16,19,11,18,13,1
"UUAUAU",23,19,23,16,24,17,19,15,19,12,16,22,17,25,21,16,29,30,24,40,37,12,15,13,85,52,21,7,12,7,9,17,9,13,14,16,9,8,12,18,11,11,12,17,12,2
"AAAUAU",23,14,30,19,25,21,14,23,18,23,23,22,20,19,12,25,17,19,12,24,11,12,15,2,3,3,15,16,13,15,19,33,38,39,20,14,22,27,15,18,16,29,33,23,21,1
"AAGAAA",25,20,13,23,20,15,15,15,10,10,16,17,14,14,8,12,6,9,15,8,4,4,6,15,11,7,9,24,32,47,34,27,23,30,29,51,35,26,20,21,28,26,35,23,16,1
"AUAAAU",19,20,15,13,18,14,14,16,18,16,13,16,17,9,14,9,9,19,12,27,10,2,5,13,17,6,21,24,43,40,56,37,42,22,17,21,26,18,25,16,17,17,18,22,21,1
"UAUUUA",23,20,29,19,18,22,21,24,23,16,20,23,20,24,18,21,26,14,16,10,17,34,30,11,7,18,10,19,20,20,16,15,15,9,23,18,17,19,23,16,17,20,21,15,17,2
"GAAAAA",12,8,15,14,13,14,14,19,16,19,8,7,18,15,11,8,8,9,5,4,1,8,7,10,12,14,20,29,36,36,41,35,20,21,19,21,32,41,35,35,27,23,33,28,29,1
"UUUUCA",18,12,22,17,17,17,20,15,17,12,17,15,18,15,17,17,25,13,13,8,4,35,74,74,69,27,14,6,4,11,8,7,11,12,11,15,13,12,16,16,16,19,11,16,20,2
"UGUAUU",22,21,18,16,26,16,18,11,15,11,20,25,24,17,19,18,18,22,35,50,43,20,16,7,15,43,36,17,16,15,14,5,8,13,9,17,14,9,15,17,12,19,8,15,15,2
"UUUCUA",13,8,14,18,14,16,5,16,17,14,15,22,17,17,12,15,19,31,23,21,14,14,17,116,94,47,17,9,8,16,8,17,6,8,8,15,14,11,8,10,13,10,6,19,7,2
"AAAGAA",18,14,14,21,12,14,16,11,14,11,16,15,12,11,5,8,13,15,9,4,5,6,11,8,5,2,19,14,32,28,29,23,36,35,51,32,24,23,19,32,27,36,32,13,24,1
"AAAUUU",13,24,19,20,13,18,15,24,16,20,18,14,18,17,22,24,18,11,25,46,46,21,19,6,3,1,5,12,10,11,11,17,30,42,24,21,9,11,13,10,17,25,21,18,19,2
"AAAAUG",9,14,11,19,12,15,18,7,9,11,21,18,16,10,16,14,10,10,8,4,16,27,2,3,2,14,8,9,16,23,30,44,51,38,27,23,27,23,24,34,27,34,25,16,19,1
"UAUAAA",15,10,20,16,14,14,21,20,16,8,17,15,14,8,18,10,14,8,10,10,6,4,15,8,19,51,38,60,54,41,23,21,9,12,19,17,19,20,17,16,21,12,17,7,9,1
"AGUUUU",11,17,16,15,19,19,19,20,16,17,14,14,17,20,26,25,26,11,21,48,104,55,21,8,4,2,8,5,11,14,11,9,9,13,16,11,12,20,9,14,12,10,14,11,16,2
"UUGUAU",18,12,14,17,17,14,16,18,18,20,17,21,18,16,20,14,20,18,28,37,20,9,8,21,99,62,17,16,12,8,7,10,9,8,9,13,9,11,17,11,12,10,13,12,14,2
"UUUAAU",27,14,17,25,25,19,17,16,13,19,10,17,11,16,27,20,5,16,17,35,17,1,19,34,47,17,16,14,12,6,18,13,10,13,14,14,20,16,14,21,17,22,22,18,19,2
"UAAUUU",25,18,19,15,19,21,26,20,19,24,16,20,11,19,17,25,23,21,21,54,40,30,11,2,3,10,7,8,12,9,11,7,11,11,22,10,15,15,20,13,15,16,24,29,13,2
"AAAAGA",17,17,16,12,8,12,5,11,13,13,14,17,9,7,14,6,8,10,10,8,8,8,4,5,2,11,12,16,19,20,28,35,55,51,30,17,17,22,38,23,39,28,22,24,23,1
"GUAUUU",20,14,18,14,16,24,11,15,15,14,13,14,29,23,18,16,12,16,42,58,53,27,13,8,7,4,22,22,13,14,14,12,6,10,17,13,17,14,13,11,12,12,21,12,14,2
"AUUAAA",7,10,8,11,7,12,7,10,12,9,7,15,11,16,7,11,15,11,6,7,4,5,19,24,10,10,29,26,74,52,35,23,17,12,21,24,25,21,28,26,14,17,17,21,14,1
"AAUAUU",12,19,19,23,19,16,20,14,22,23,19,22,20,18,16,19,16,22,31,34,33,9,9,12,3,7,15,10,9,14,11,25,22,18,13,14,13,18,12,16,12,20,26,21,0,2
"UUUCUG",16,14,21,12,14,16,22,16,17,22,18,14,19,12,16,13,21,19,11,8,23,15,31,63,53,26,18,11,8,7,8,10,19,12,14,7,10,10,11,14,10,11,11,15,17,2
"GAUUUU",13,7,15,11,17,17,17,19,16,13,18,16,21,22,14,19,24,21,26,42,60,40,25,11,3,11,7,7,6,10,10,15,8,9,13,12,14,11,18,16,11,14,13,14,11,2
"AAAUGU",11,19,16,14,16,21,15,16,14,10,11,13,23,16,20,18,15,15,14,11,3,16,18,3,3,10,11,10,11,22,20,35,26,33,22,21,19,14,24,23,17,26,16,17,0,1
"AUUUUC",24,12,16,18,10,19,21,21,12,21,10,19,15,21,22,22,12,10,8,8,23,80,45,29,8,8,11,4,6,13,13,12,8,14,10,14,9,9,12,15,13,13,14,11,13,2
"UGUAAA",21,22,18,18,24,15,16,15,23,26,16,16,13,17,16,15,4,13,12,8,7,9,6,8,27,40,40,30,16,9,10,13,11,7,16,20,13,22,15,19,13,13,4,17,7,2
"UUUUGG",7,10,12,13,15,8,17,18,13,15,18,10,18,12,12,8,10,17,4,7,2,76,131,56,36,13,12,6,5,10,5,6,8,4,8,2,6,8,8,8,7,11,15,7,8,2
"AUGUUU",18,22,14,18,14,14,20,14,7,11,16,9,14,14,17,20,8,15,24,60,43,23,8,13,10,4,8,5,9,9,8,13,11,7,22,15,21,12,11,10,12,16,21,16,22,2
"UUUGAA",17,22,6,17,9,21,15,11,16,10,16,10,14,13,11,10,10,12,11,10,4,7,43,73,53,21,9,9,14,16,8,7,10,12,9,10,14,17,10,12,14,12,17,9,18,2
"CCUUUU",17,11,19,13,18,16,11,8,10,15,18,13,14,17,17,9,12,13,27,40,77,53,39,22,4,6,7,10,7,7,10,5,7,9,4,8,8,8,15,7,9,10,10,11,12,2
"UUGUAA",21,17,21,20,13,8,13,19,21,13,18,18,18,14,10,11,6,12,11,5,3,6,6,38,79,66,19,10,11,6,10,16,2,7,15,4,12,9,11,10,9,6,16,10,13,2
"AUUUCU",12,11,15,19,15,13,10,10,14,23,15,16,14,17,15,21,20,27,21,26,12,29,44,36,19,10,9,8,9,7,15,12,9,8,8,9,10,8,7,11,11,14,11,15,14,2
"AAAACA",8,7,14,10,11,12,13,7,16,11,15,13,12,20,6,10,9,4,15,3,1,6,5,6,9,3,14,15,17,27,26,33,31,27,30,22,17,23,22,27,25,25,19,17,15,1
"UUUGUG",18,14,8,12,10,17,19,18,13,13,18,10,21,17,17,12,12,13,7,3,12,7,58,87,41,19,9,10,5,11,9,12,14,9,3,9,14,11,11,5,10,6,6,11,5,2
"UGUGUG",17,16,14,17,14,19,10,11,19,12,18,17,22,13,21,10,16,11,6,9,7,13,13,7,17,22,9,17,13,22,11,17,13,21,17,26,13,20,15,12,9,22,12,13,11,1
"CAAAAA",20,6,11,10,10,14,12,8,14,17,6,18,6,8,10,8,8,5,4,10,6,7,14,12,7,12,18,27,26,24,27,19,15,10,19,15,21,18,23,33,21,21,21,18,22,1
"UUCUGU",14,21,14,16,12,12,16,13,17,14,20,16,15,11,12,18,14,17,19,12,8,21,12,23,35,29,19,15,12,10,9,11,11,13,10,11,8,14,10,12,16,11,11,9,13,2
"ACAUUU",8,16,17,15,11,15,20,18,17,15,18,13,22,17,13,16,14,11,29,51,49,30,11,2,3,2,4,4,8,9,20,8,11,10,10,10,8,16,6,12,21,10,13,8,13,2
"AUUUGU",23,19,10,14,18,19,15,21,18,18,15,23,14,15,13,13,14,15,8,9,3,34,45,34,12,5,5,8,7,11,8,7,11,9,11,14,10,15,14,14,7,8,16,8,17,2
"UUAAAU",18,13,14,17,12,10,14,15,18,14,10,15,18,20,9,13,13,15,14,14,16,1,1,10,23,21,12,18,10,27,22,18,11,11,18,15,10,8,11,17,13,20,9,16,21,1
"CUUUUG",11,8,10,13,11,13,14,11,6,18,13,11,9,13,10,11,17,15,5,4,43,101,73,31,15,6,6,5,6,4,8,4,7,6,10,8,8,9,15,9,10,8,7,7,14,2
"GUUUUG",10,13,14,17,15,12,14,14,13,12,24,16,11,15,15,11,18,11,5,7,37,93,52,23,8,7,9,10,3,9,5,4,5,6,12,7,7,10,10,11,5,11,4,7,15,2
"UGAAAA",17,12,11,12,10,9,10,16,14,21,14,10,11,16,11,6,4,6,12,8,9,2,2,2,15,23,22,23,21,20,22,10,11,12,9,18,21,17,28,26,24,18,13,22,14,1
"ACAAAA",7,14,9,13,12,9,10,10,8,12,18,11,4,6,10,13,9,7,5,2,5,9,8,8,8,12,23,19,24,44,25,19,16,12,18,20,18,26,28,18,18,17,15,18,16,1
"AUUAUU",18,15,12,19,19,12,18,17,10,19,20,10,18,15,12,12,18,20,25,25,23,14,13,14,8,6,7,11,8,11,9,7,13,13,8,11,14,12,10,19,20,9,11,13,12,2
"UUAUAA",11,9,12,11,9,14,14,17,9,9,16,15,5,14,7,11,12,11,15,8,2,8,8,9,87,63,23,16,14,5,9,6,9,15,9,15,13,11,16,10,10,7,10,13,8,2
"AAAAAC",7,11,7,10,12,10,8,13,16,7,10,9,17,9,12,7,7,8,8,5,4,4,7,7,6,9,14,10,25,25,22,32,29,22,22,14,18,19,20,24,27,20,21,16,14,1
"UUUUAC",15,18,13,15,14,13,14,12,9,12,11,10,13,7,10,21,12,12,12,5,3,18,83,67,30,18,15,5,9,5,4,8,7,9,6,4,7,6,14,8,5,12,6,11,8,2
"AUUUAA",18,21,17,22,21,9,16,10,13,14,15,7,16,15,14,5,11,6,5,3,1,9,15,18,10,6,9,11,10,15,16,13,14,13,9,24,21,22,16,13,14,17,25,16,18,1
"UGCUUU",11,11,13,10,7,17,13,12,17,6,18,26,12,16,23,15,16,10,19,49,44,15,11,2,6,15,11,13,12,9,7,10,9,7,6,12,9,9,9,10,10,6,16,11,12,2
"UUUGAU",14,14,13,6,11,12,6,6,7,13,7,6,13,9,8,10,12,13,6,11,7,3,39,112,75,26,6,4,7,10,5,7,6,3,7,5,8,6,14,9,10,10,6,6,13,2
"AACUUU",8,8,14,12,9,9,9,12,15,10,14,20,13,14,15,12,16,23,23,48,31,33,13,1,8,4,4,6,9,11,6,7,13,8,13,15,10,10,11,15,11,17,15,13,12,2
