"","1","2","3","4","5","6","7","8","9","10","11","12","13","14","15","16","17","18","19","20","21","22","23","24","25","26","27","28","29","30","31","32","33","34","35","36","37","38","39","40","41","42","43","44","45","kmc$cluster"
"AAAAAA",109,119,112,113,129,113,129,134,135,133,142,124,122,127,131,115,111,136,137,125,125,161,201,251,297,350,425,457,558,655,673,616,525,421,391,359,323,319,337,328,299,286,253,230,229,1
"UUUUUU",203,192,202,206,189,208,196,212,200,208,240,254,253,246,288,313,299,307,317,477,617,467,289,296,289,203,119,92,103,83,90,92,85,83,81,98,123,110,115,103,98,107,114,130,125,2
"AUUUUU",98,95,119,97,101,98,111,92,124,128,128,117,152,140,163,160,139,117,160,228,494,405,155,140,83,27,34,49,54,61,68,61,59,62,56,93,56,68,60,51,65,83,70,71,74,2
"UUUUUA",104,88,83,108,103,104,101,96,94,105,100,94,103,133,116,114,144,138,117,97,128,420,403,175,182,159,72,58,44,58,58,69,56,56,59,42,53,62,73,64,63,53,57,67,66,2
"UAUUUU",86,102,113,81,87,86,81,100,126,91,108,116,120,132,142,128,99,104,114,362,511,227,131,72,42,52,54,52,66,55,64,59,52,59,74,58,51,48,68,65,78,62,64,73,72,2
"AAUAAA",38,37,29,52,42,43,50,31,54,49,57,47,46,53,61,46,59,74,74,51,37,47,141,135,56,78,128,173,314,367,290,202,144,151,134,147,130,158,135,96,106,109,94,93,90,1
"UAAAAA",62,50,47,63,40,52,50,49,49,59,46,60,61,55,54,43,67,60,74,44,59,54,62,66,126,148,106,167,212,243,220,183,127,85,82,73,82,103,111,101,95,82,88,77,82,1
"AUAAAA",36,36,45,30,38,47,41,38,34,39,41,44,38,54,36,47,37,49,66,53,27,37,45,122,96,57,105,146,224,278,289,184,142,83,103,84,107,113,119,111,76,89,94,65,64,1
"AAAAAU",61,65,55,64,52,48,51,54,49,59,59,56,58,58,64,56,45,50,56,118,81,22,29,30,32,42,76,81,95,121,175,191,184,161,108,101,93,94,109,121,115,113,99,93,66,1
"UUUUAU",72,76,64,93,81,79,74,60,85,68,75,101,79,84,77,89,122,142,102,129,95,54,306,283,109,79,58,43,30,41,43,43,49,39,40,50,37,63,53,54,57,52,50,45,73,2
"UUUUGU",53,65,71,61,73,82,74,65,74,66,88,77,83,82,75,98,96,111,78,65,28,186,440,306,112,78,46,30,35,32,36,34,42,35,31,46,27,46,37,49,43,38,52,51,38,2
"UUUUAA",89,78,62,63,80,69,83,66,75,73,92,73,68,77,86,79,70,77,83,49,27,103,223,188,111,117,95,71,62,47,65,58,56,51,67,61,46,63,60,56,60,67,55,57,60,2
"UUAUUU",94,76,73,93,78,90,108,95,81,84,79,86,91,95,90,68,66,72,160,244,162,110,53,20,72,65,39,31,33,53,47,39,52,51,47,50,46,52,56,66,46,65,73,60,60,2
"UUUUCU",55,64,65,64,70,67,72,75,62,61,71,82,81,73,104,78,105,112,104,101,68,90,276,267,147,86,47,40,31,37,46,31,38,46,43,39,45,47,46,40,70,42,57,60,56,2
"CUUUUU",42,60,64,45,74,62,78,41,72,88,68,59,74,84,84,83,81,76,82,178,294,260,226,190,93,17,34,36,34,46,41,36,28,36,40,29,33,49,45,41,46,38,46,38,58,2
"UUUUUG",60,58,54,63,69,61,61,65,49,86,84,73,62,68,75,74,88,61,52,26,185,476,335,145,116,85,24,29,28,32,36,32,43,33,39,34,40,37,46,48,38,42,53,24,39,2
"AAAUAA",39,32,47,43,40,60,39,54,54,45,45,48,45,61,42,41,54,52,46,33,34,102,83,26,30,52,88,117,125,161,145,138,127,149,126,108,102,104,82,94,96,87,66,72,72,1
"UUAAAA",59,43,61,59,42,59,46,44,56,58,60,64,66,51,46,49,52,60,52,50,34,33,23,72,132,109,80,120,146,155,131,88,65,68,53,62,92,87,72,102,81,71,58,77,77,1
"AAAAUA",51,46,53,41,63,45,45,69,35,56,48,56,50,45,59,45,47,46,46,30,89,74,17,17,28,46,61,65,87,116,120,163,177,133,118,82,86,72,104,90,102,79,82,85,70,1
"UUUAUU",64,75,76,74,89,99,101,61,79,87,69,78,78,67,63,73,72,120,126,115,115,60,36,100,112,55,43,26,43,37,36,42,43,49,48,52,65,53,54,52,54,69,54,62,46,2
"UUUAAA",61,68,68,57,62,66,58,70,65,66,67,70,57,59,63,68,69,57,72,52,20,20,77,145,129,79,97,94,77,87,62,61,63,60,47,74,64,50,79,77,77,62,66,61,65,2
"UGUUUU",62,67,84,68,75,59,82,82,61,70,56,62,80,91,81,82,56,75,96,167,255,167,61,46,35,56,30,44,39,44,36,36,42,53,44,44,49,54,40,43,44,66,54,55,60,2
"UUUUUC",60,50,55,66,53,46,64,59,56,57,66,63,66,98,65,105,97,87,78,37,101,238,288,174,106,80,46,30,25,40,31,44,33,30,38,37,43,43,39,48,31,40,43,49,46,2
"AUAUUU",67,55,52,52,70,61,56,66,52,61,55,59,78,88,78,60,69,65,127,225,147,102,39,41,36,20,35,52,60,52,38,49,43,53,56,35,45,44,38,47,54,44,47,51,45,2
"AAUUUU",58,64,50,54,58,55,63,64,53,75,67,87,65,72,85,63,61,69,72,146,190,128,84,41,17,14,26,26,34,43,44,40,45,52,53,53,42,48,44,46,47,60,65,54,65,2
"UAAAAU",45,39,30,45,45,32,56,39,50,35,50,45,49,38,46,32,35,37,41,85,61,8,14,12,66,55,40,65,105,124,156,157,100,83,42,65,57,83,72,85,96,59,63,56,52,1
"UCUUUU",52,49,41,64,37,54,56,48,73,59,51,57,55,72,70,67,54,56,66,134,224,250,137,53,22,41,28,24,19,29,35,20,39,39,29,30,41,44,40,44,36,42,42,47,35,2
"GUUUUU",45,47,58,66,55,54,47,54,60,66,48,54,66,74,71,72,74,64,78,148,196,183,120,67,62,14,22,23,22,25,38,28,30,36,34,39,40,46,43,35,33,39,40,37,37,2
"UUUGUA",44,47,58,45,41,53,46,42,49,52,52,57,49,68,59,53,77,58,85,34,34,28,117,351,274,99,48,26,30,21,23,32,23,31,30,31,46,26,37,27,34,17,31,26,34,2
"UUUAUA",43,55,54,52,58,39,47,61,37,60,53,46,72,60,59,59,64,75,99,61,60,37,46,264,234,81,38,39,32,21,33,30,34,32,30,33,39,38,39,35,31,32,37,29,34,2
"AGAAAA",35,40,41,48,40,42,46,35,42,43,38,37,36,34,43,35,39,36,47,26,22,20,32,25,27,27,55,81,107,133,109,86,59,66,65,84,97,89,97,86,63,61,58,60,82,1
"UUUCUU",57,60,48,66,53,48,64,50,50,54,60,64,58,64,51,66,75,71,107,145,104,54,48,91,76,33,26,34,26,24,34,39,30,31,36,45,39,46,32,38,37,54,36,46,59,2
"UUCUUU",51,59,66,38,54,51,47,66,50,53,47,51,59,73,62,53,56,59,75,183,215,111,45,27,60,39,15,22,26,24,19,27,31,33,34,39,43,38,42,32,43,34,49,32,38,2
"AAAAUU",33,40,31,36,52,26,30,37,49,47,42,44,40,41,27,45,31,31,43,82,93,49,6,14,7,22,28,35,70,51,90,117,113,90,89,49,63,58,64,71,80,88,65,48,59,1
"UUUGUU",55,38,53,64,57,69,56,62,63,37,66,61,64,54,65,55,66,83,71,77,73,26,99,131,86,38,35,27,33,27,22,34,33,30,32,30,23,29,35,35,35,47,43,36,43,2
"UUGUUU",55,57,48,61,66,53,71,66,64,55,41,63,64,69,61,68,52,68,76,131,111,59,22,51,71,46,23,30,31,24,28,27,33,39,36,34,26,29,38,34,48,37,42,46,40,2
"AUAUAU",50,43,31,48,62,53,50,52,57,41,70,52,58,58,53,56,65,76,53,69,48,46,49,41,42,23,61,52,72,43,42,33,39,37,35,47,50,55,53,47,45,48,41,39,58,2
"AUUUUA",49,46,52,53,48,47,57,50,53,62,61,56,59,51,54,68,54,43,36,20,33,171,118,53,33,17,21,26,32,47,41,36,29,48,50,39,50,38,38,54,51,46,41,56,56,2
"AAAAAG",30,43,36,20,35,35,25,24,25,28,38,40,36,24,24,33,33,29,39,15,14,14,15,18,22,41,43,52,78,76,123,137,146,98,56,62,55,65,64,79,91,76,66,67,48,1
"CAUUUU",52,46,40,51,48,61,44,46,61,53,47,51,52,56,51,54,47,33,57,147,214,147,72,34,6,15,17,26,35,38,27,26,34,34,30,30,30,26,33,34,43,37,35,31,35,2
"UAUAUA",40,44,51,46,51,48,53,44,50,51,38,51,49,47,57,52,61,45,43,35,67,58,43,44,42,91,67,79,48,64,36,39,31,30,40,32,49,48,56,50,42,34,32,45,30,2
"AUUUUG",30,50,44,44,38,36,31,30,47,45,37,50,50,44,46,47,49,41,20,16,158,326,211,73,35,16,15,24,21,27,20,31,28,23,35,17,35,25,30,28,27,36,39,41,30,2
"GAAAAA",50,33,32,37,37,36,33,38,35,42,33,28,32,28,22,37,37,27,32,25,15,26,24,32,21,48,50,63,84,91,100,83,56,62,56,61,74,78,72,81,73,62,51,41,62,1
"AAGAAA",35,33,29,34,41,37,38,37,39,33,33,33,29,29,40,32,27,36,40,19,19,21,21,23,20,35,52,62,70,84,80,62,73,65,82,84,65,63,72,52,59,54,67,80,55,1
"UAUAUU",50,52,37,46,40,45,44,40,43,39,43,53,59,51,49,55,54,86,115,103,88,42,33,33,24,70,48,60,51,35,35,22,31,35,24,38,27,29,43,34,34,32,36,29,45,2
"AAAUUU",45,32,51,39,39,36,34,38,49,43,41,42,54,50,46,33,43,34,60,90,98,90,30,9,12,12,21,28,31,42,37,54,72,76,57,59,50,37,56,48,55,64,53,52,29,2
"AUAAAU",28,34,35,32,32,30,23,39,26,39,44,42,37,38,37,41,24,39,25,71,51,9,10,50,30,23,39,70,84,97,112,106,73,50,54,48,52,40,58,56,45,51,42,41,47,1
"UAAAUA",33,37,35,35,41,39,39,33,40,31,33,42,46,37,33,39,58,30,35,24,60,48,11,12,44,58,57,55,90,79,70,70,65,67,55,53,53,48,48,53,42,45,49,53,27,1
"UAAUAA",27,26,19,17,31,17,21,32,18,36,23,20,22,29,28,29,38,34,33,22,10,66,69,18,54,73,73,131,190,137,82,43,41,39,49,51,62,47,43,42,46,42,42,41,32,1
"AAAAUG",22,46,48,32,33,41,30,35,34,24,32,40,42,41,33,34,36,34,27,16,77,50,7,19,12,28,27,33,32,55,81,99,98,97,58,43,53,50,52,62,71,70,70,46,58,1
"UUUUCA",47,49,44,34,45,33,31,48,48,41,41,43,43,57,45,48,54,54,45,28,18,88,142,146,133,66,35,32,14,23,26,22,36,24,20,38,27,26,26,34,40,25,33,36,40,2
"AUUUAU",56,60,55,48,57,62,48,54,61,56,53,57,47,38,52,41,72,59,41,46,29,30,73,79,26,10,23,26,36,30,26,35,35,37,45,41,51,40,33,34,41,47,49,40,43,2
"UAAUUU",49,38,42,37,54,56,53,57,57,45,68,62,51,60,59,64,49,32,67,105,87,67,32,16,21,27,15,28,25,34,35,26,20,35,45,29,39,30,40,39,45,48,42,50,40,2
"AAAUAU",34,51,38,46,46,44,45,39,46,41,39,40,62,38,42,46,35,54,27,45,32,40,33,2,9,18,35,37,40,51,58,61,72,68,64,58,44,45,51,50,43,53,57,55,63,1
"UUUUGA",35,36,34,38,38,48,41,28,41,36,39,46,38,36,35,35,26,30,30,20,14,140,282,211,95,52,38,12,17,16,21,25,20,28,21,22,35,27,24,27,30,22,28,37,27,2
"AAAGAA",42,29,27,37,42,32,49,40,29,29,30,36,30,42,38,20,30,28,31,17,25,15,18,16,20,23,32,46,58,62,73,84,71,94,81,65,56,63,50,57,50,51,72,39,54,1
"ACUUUU",37,32,35,40,43,36,31,36,38,38,30,38,33,44,46,54,48,40,62,139,202,142,91,44,15,13,23,21,21,31,24,25,32,32,22,36,29,31,21,29,22,29,26,36,34,2
"UAUUUA",52,51,41,45,60,53,51,61,60,43,44,36,46,52,45,49,53,38,42,19,43,63,75,28,17,43,34,39,45,38,48,33,32,29,27,42,29,40,34,43,46,47,34,41,40,2
"AAAAGA",38,27,33,37,28,39,30,26,28,24,28,26,36,32,23,29,28,18,24,24,7,14,9,18,13,36,37,56,49,68,70,93,121,99,71,52,51,46,65,57,59,71,47,50,46,1
"UAUAAA",35,29,25,29,37,30,23,25,23,33,32,37,38,19,34,26,36,27,34,18,18,19,55,26,38,75,89,124,106,106,70,45,27,39,27,32,39,37,47,39,54,45,24,38,28,1
"UUUCUA",42,32,30,33,33,41,28,28,48,35,37,43,37,41,46,47,52,41,43,41,51,32,51,196,188,89,48,18,25,14,16,30,17,16,26,19,24,24,23,26,15,28,22,31,27,2
"UUAUAU",38,38,52,47,43,43,32,38,34,29,36,44,45,46,40,42,49,66,56,88,61,25,30,30,134,93,41,25,21,21,20,30,26,23,28,28,29,30,32,41,24,23,37,26,29,2
"AUUAAA",26,32,24,24,31,29,18,21,22,20,36,31,29,27,34,21,21,25,22,17,15,11,43,62,46,19,48,61,133,122,86,51,41,39,45,52,57,50,69,40,40,38,37,43,42,1
"AGUUUU",34,40,33,32,28,33,42,38,41,37,41,36,53,55,52,47,44,41,46,99,197,132,66,43,6,4,17,16,24,16,20,23,20,30,13,42,36,20,35,28,21,30,21,31,30,2
"UUUAAU",41,34,47,47,34,46,40,40,30,44,35,44,45,40,45,44,49,38,36,56,47,14,32,81,72,30,34,34,33,22,34,36,33,30,30,34,35,38,41,50,34,39,39,33,36,2
"UGUAUU",42,46,46,37,35,43,31,52,28,46,42,37,53,44,37,34,38,55,73,82,72,31,27,15,42,81,74,42,25,30,29,27,25,28,26,28,26,35,25,27,14,34,21,40,28,2
"AAAACA",28,34,28,31,27,27,31,31,35,44,27,28,31,30,35,29,30,32,21,20,17,16,9,19,23,22,37,30,44,48,71,78,85,78,59,61,41,53,54,55,48,55,35,40,58,1
"UUUCUG",40,34,37,32,37,32,44,28,34,45,31,34,44,30,54,51,32,49,29,18,36,26,66,129,121,68,42,31,18,20,28,25,32,23,29,20,33,30,29,37,25,29,28,24,37,2
"AAUAUU",23,28,43,40,43,37,48,43,31,32,31,37,44,50,34,41,38,47,70,55,48,28,27,28,3,11,24,29,27,32,41,40,45,54,43,41,38,37,34,37,42,36,36,47,34,2
"AAAUGU",40,31,52,31,43,29,50,31,30,38,26,26,35,30,38,34,32,41,37,29,22,42,40,6,10,15,22,23,33,35,51,50,76,80,56,30,34,43,36,44,39,46,44,55,35,1
"AUUUUC",41,36,29,47,30,38,36,38,37,33,41,37,37,34,36,47,50,37,31,22,53,147,110,67,16,10,24,17,22,22,26,26,29,24,28,31,26,21,17,41,23,37,32,34,26,2
"UUGUAU",34,29,33,33,31,41,32,33,31,33,36,37,43,37,43,35,30,48,46,68,34,18,11,62,179,122,37,32,30,21,17,18,26,20,19,23,22,35,23,25,27,23,26,22,21,2
"UUUUGG",33,19,26,32,36,25,25,34,26,23,27,36,26,29,28,30,30,32,27,14,11,133,234,170,61,54,24,15,18,20,13,18,24,23,19,28,16,17,26,28,25,26,25,22,20,2
"GUAUUU",37,39,40,33,34,22,35,39,36,35,53,38,37,58,43,35,30,29,69,114,104,62,26,18,14,23,41,48,30,32,27,26,23,20,23,20,25,25,35,23,23,20,26,25,31,2
"AUUUCU",47,39,41,40,33,40,27,30,37,45,35,33,36,55,49,57,43,44,57,46,35,51,77,74,35,17,20,15,20,17,34,30,19,19,20,45,32,30,28,19,29,33,30,31,30,2
"CCUUUU",31,38,20,36,44,38,21,30,36,28,25,39,39,39,27,37,31,30,64,107,124,118,98,74,9,20,16,25,26,13,28,22,14,20,26,22,20,22,23,21,19,20,21,23,20,2
"UUAAAU",38,30,33,41,37,31,46,28,34,35,21,34,36,30,32,37,27,23,28,47,39,9,4,35,57,50,19,39,34,46,63,52,42,32,42,32,44,32,30,45,40,44,28,32,40,1
"AAAAAC",21,26,23,25,21,36,29,31,36,26,20,27,23,24,23,33,31,26,21,19,12,16,23,21,20,27,31,32,45,54,70,102,78,60,46,37,43,40,43,44,61,40,47,44,36,1
"ACAAAA",19,25,26,27,31,28,28,30,25,28,32,23,28,31,24,29,27,34,38,12,15,27,21,15,28,23,58,52,67,70,62,43,37,53,30,37,44,64,66,51,40,35,32,40,36,1
"CAAAAA",32,24,31,24,26,33,31,24,27,25,26,27,18,32,30,25,26,30,34,38,14,27,33,22,16,29,41,89,52,52,53,51,32,33,30,21,39,53,52,56,48,35,42,31,54,1
"GAUUUU",31,32,38,31,26,33,22,51,28,48,38,44,32,39,44,47,31,41,43,83,134,92,46,20,5,13,19,25,22,19,19,20,26,24,23,26,29,23,29,21,34,23,38,28,25,2
"ACAUUU",35,31,51,39,33,22,40,38,41,37,33,35,42,25,36,41,16,19,66,94,123,68,33,8,5,9,17,29,33,22,29,26,28,25,30,28,21,23,30,28,37,24,29,35,37,2
"UUUUCC",31,34,29,23,43,26,28,34,40,32,28,29,34,23,48,40,43,43,27,28,11,47,133,124,57,35,25,19,28,19,17,26,25,24,19,29,24,29,23,27,22,17,25,26,31,2
"UGUAAA",24,41,27,44,43,35,31,35,34,27,31,40,31,27,38,28,22,21,45,21,20,15,23,31,44,91,76,40,32,16,33,26,30,24,36,31,37,49,48,34,30,35,24,26,28,2
"AAAUUA",29,30,36,25,27,34,25,23,25,41,30,31,23,33,28,23,37,21,17,12,29,54,45,4,9,10,21,19,44,44,36,58,65,49,59,46,42,51,39,39,46,45,40,30,31,1
"AUGUUU",32,39,29,47,33,49,26,29,26,21,35,29,30,36,27,32,37,28,55,100,88,52,28,23,28,9,15,17,15,24,19,30,30,32,31,34,34,33,24,28,31,29,41,37,25,2
"UGAAAA",30,17,34,30,27,29,32,32,20,29,33,21,28,34,21,37,18,19,25,15,12,12,11,10,61,44,41,38,43,36,57,40,46,43,39,42,60,36,46,58,39,31,30,48,36,1
"UGUGUG",39,43,44,35,36,27,34,29,51,38,41,29,32,30,30,30,34,29,24,18,33,29,29,28,37,48,32,34,27,40,36,32,29,35,29,35,33,41,26,38,27,31,23,32,25,2
"UUUCCU",41,32,33,37,39,26,31,31,29,38,32,28,40,42,29,44,43,42,41,43,35,12,46,59,67,41,16,26,28,21,18,24,24,22,28,26,38,39,33,21,35,27,25,23,26,2
"AUUUAA",23,36,44,32,35,27,47,26,41,33,25,22,29,35,24,35,25,29,27,17,8,19,46,37,20,15,31,33,46,43,43,36,26,24,34,34,28,52,50,45,38,35,38,38,35,1
"CUUUUG",22,16,26,27,32,32,35,30,25,30,26,19,34,28,34,27,39,32,18,7,101,187,171,63,41,9,14,18,12,12,16,25,12,19,22,24,15,19,29,22,20,16,18,20,10,2
"UCAUUU",31,39,28,38,35,35,31,35,36,30,24,33,34,25,40,31,41,33,47,104,90,55,28,5,20,18,19,20,22,21,21,25,22,27,23,20,27,19,34,37,34,28,27,26,33,2
"UUUCAU",34,32,30,48,29,34,29,26,29,47,37,22,39,30,38,33,44,41,38,51,24,9,55,83,67,45,30,23,16,16,20,24,19,24,25,16,40,34,23,18,25,28,22,22,32,2
"UUUGAA",37,34,25,30,28,26,38,28,29,28,30,26,29,35,29,19,33,20,24,17,8,7,96,146,96,53,33,25,14,30,22,21,26,20,24,24,19,31,28,20,29,32,14,32,33,2
"AACAAA",26,33,25,25,24,36,23,25,23,25,28,25,26,26,28,19,19,26,16,34,10,7,15,22,13,28,38,44,47,52,55,42,50,35,56,47,49,58,44,45,32,40,40,32,25,1
"AAACAA",28,20,23,23,38,29,22,16,26,24,17,40,23,23,23,22,19,19,34,13,4,13,14,5,19,22,36,39,41,41,45,67,58,72,52,48,58,37,48,39,45,48,42,25,37,1
"AAUAAU",21,34,43,20,30,38,33,26,34,20,39,26,29,21,37,30,26,26,16,30,33,5,33,30,7,16,32,35,34,39,47,35,53,31,58,34,42,38,35,30,44,43,37,27,36,1
"UUUGUG",27,33,28,26,26,38,40,23,28,36,29,28,32,27,29,19,31,30,21,10,17,16,132,197,84,29,18,17,14,24,28,19,17,20,20,20,24,23,21,15,30,13,24,24,23,2
"AUAAUA",27,21,28,30,17,36,23,20,20,28,30,25,19,18,22,33,34,26,15,5,34,40,8,39,34,18,62,100,57,57,39,47,35,36,25,47,34,28,29,30,33,36,31,29,21,1
"AUUAUU",37,39,42,36,42,38,28,44,31,39,41,38,44,32,28,31,36,34,76,60,43,26,15,28,18,9,9,24,18,31,27,23,21,24,24,22,33,30,34,27,30,32,29,27,26,2
